{
  "payload": [
    {
      "id": "1",
      "type": "couch",
      "name": "Single Couch",
      "description": "Sofa kecil untuk satu orang yang sangat cocok untuk santai serambi membaca buku atau menyeduh teh hangat",
      "currency": "Rp",
      "price": 1599000,
      "img_link": "https://images.unsplash.com/photo-1586023492125-27b2c045efd7?ixlib=rb-4.0.3&ixid=MnwxMjA3fDB8MHxwaG90by1wYWdlfHx8fGVufDB8fHx8&auto=format&fit=crop&w=958&q=80"
    },
    {
      "id": "2",
      "type": "couch",
      "name": "Big Size Sofa",
      "description": "Sofa dengan ukuran besar yang cocok untuk berkumpul dengan keluarga, menggunakan busa super-soft yang dilapisi dengan bahan yang halus dan lembut sehingga nyaman di kulit",
      "currency": "Rp",
      "price": 2599000,
      "img_link": "https://images.unsplash.com/photo-1550254478-ead40cc54513?ixlib=rb-4.0.3&ixid=MnwxMjA3fDB8MHxwaG90by1wYWdlfHx8fGVufDB8fHx8&auto=format&fit=crop&w=661&q=80"
    },
    {
      "id": "3",
      "type": "couch",
      "name": "Big Size Leather Sofa",
      "description": "Sofa dengan ukuran besar yang cocok untuk berkumpul dengan keluarga, menggunakan busa super-soft yang dilapisi dengan bahan kulit berkualitas sehingga nyaman di kulit dan tidak mudah retak",
      "currency": "Rp",
      "price": 4599000,
      "img_link": "https://images.unsplash.com/photo-1628512743826-2c28a508ad5e?ixlib=rb-4.0.3&ixid=MnwxMjA3fDB8MHxwaG90by1wYWdlfHx8fGVufDB8fHx8&auto=format&fit=crop&w=627&q=80"
    },
    {
      "id": "4",
      "type": "chair",
      "name": "Single Black Chair",
      "description": "Bangku dengan bahan kayu sebagai kaki-kaki dan plastik berkualitas tinggi sebagai sandaran yang dilapisi dengan busa super-soft sehingga nyaman digunakan untuk waktu yang lama",
      "currency": "Rp",
      "price": 599000,
      "img_link": "https://images.unsplash.com/photo-1592078615290-033ee584e267?ixlib=rb-4.0.3&ixid=MnwxMjA3fDB8MHxwaG90by1wYWdlfHx8fGVufDB8fHx8&auto=format&fit=crop&w=764&q=80"
    },
    {
      "id": "5",
      "type": "chair",
      "name": "Simple Cafe Chair",
      "description": "Bangku kayu tinggi yang cocok untuk dapur dengan gaya cafe, menggunakan kayu kualitas tinggi sehingga awet dan tidak mudah lapuk",
      "currency": "Rp",
      "price": 199000,
      "img_link": "https://images.unsplash.com/photo-1503602642458-232111445657?ixlib=rb-4.0.3&ixid=MnwxMjA3fDB8MHxwaG90by1wYWdlfHx8fGVufDB8fHx8&auto=format&fit=crop&w=687&q=80"
    },
    {
      "id": "6",
      "type": "chair",
      "name": "Simple Metal Chair",
      "description": "Bangku yang terbuat dari material metal yang tidak mudah berkarat dan juga kuat",
      "currency": "Rp",
      "price": 299000,
      "img_link": "https://images.unsplash.com/photo-1551298370-9d3d53740c72?ixlib=rb-4.0.3&ixid=MnwxMjA3fDB8MHxwaG90by1wYWdlfHx8fGVufDB8fHx8&auto=format&fit=crop&w=687&q=80"
    },
    {
      "id": "7",
      "type": "shelf",
      "name": "Long Hanging Shelf",
      "description": "Rak dinding minimalis berbahan kayu kualitas tinggi dengan ukuran yang panjang, cocok untuk menghias ruang tamu untuk terlihat lebih elegan",
      "currency": "Rp",
      "price": 159000,
      "img_link": "https://images.unsplash.com/photo-1597072689227-8882273e8f6a?ixlib=rb-4.0.3&ixid=MnwxMjA3fDB8MHxwaG90by1wYWdlfHx8fGVufDB8fHx8&auto=format&fit=crop&w=735&q=80"
    },
    {
      "id": "8",
      "type": "shelf",
      "name": "Trigonometri Hanging Shelf",
      "description": "Rak dinding berbahan kayu kualitas tinggi dengan penyangga berbahan metal yang berbentuk trigonometri menjadikannya terlihat minimalis dan elegan untuk diletakkan di sisi ruangan manapun",
      "currency": "Rp",
      "price": 359000,
      "img_link": "https://images.unsplash.com/photo-1593085260707-5377ba37f868?ixlib=rb-4.0.3&ixid=MnwxMjA3fDB8MHxwaG90by1wYWdlfHx8fGVufDB8fHx8&auto=format&fit=crop&w=923&q=80"
    },
    {
      "id": "9",
      "type": "shelf",
      "name": "Bed-Side Shelf",
      "description": "Rak kecil yang sekaligus adalah meja yang cocok diletakkan di sisi ranjang anda untuk menyimpan buku yang sedang anda baca sekaligus minuman dan makanan pendampingnya",
      "currency": "Rp",
      "price": 829000,
      "img_link": "https://images.unsplash.com/photo-1532372320572-cda25653a26d?ixlib=rb-4.0.3&ixid=MnwxMjA3fDB8MHxwaG90by1wYWdlfHx8fGVufDB8fHx8&auto=format&fit=crop&w=687&q=80"
    },
    {
      "id": "10",
      "type": "lamp",
      "name": "Architec Lamp",
      "description": "Lampu arsitek elegan dengan desain minimalis yang cocok untuk memberikan efek ambience di sudut ruangan ataupun pada meja kerja anda",
      "currency": "Rp",
      "price": 329000,
      "img_link": "https://images.unsplash.com/photo-1507473885765-e6ed057f782c?ixlib=rb-4.0.3&ixid=MnwxMjA3fDB8MHxwaG90by1wYWdlfHx8fGVufDB8fHx8&auto=format&fit=crop&w=687&q=80"
    },
    {
      "id": "11",
      "type": "lamp",
      "name": "Wooden Hanging Lamp",
      "description": "Lampu gantung dengan gaya geometris dan menggunakan tekstur kayu sehingga menghasilkan desain yang elegan dan tentu saja minimalis",
      "currency": "Rp",
      "price": 289000,
      "img_link": "https://images.unsplash.com/photo-1530603907829-659ab5ec057b?ixlib=rb-4.0.3&ixid=MnwxMjA3fDB8MHxwaG90by1wYWdlfHx8fGVufDB8fHx8&auto=format&fit=crop&w=687&q=80"
    },
    {
      "id": "12",
      "type": "lamp",
      "name": "Mini Arrchitec Lamp",
      "description": "Lampu arsitek ukuran kecil dengan desain yang elegandan minimalis, cocok untuk diletakkan pada meja kerja atau belajar anda",
      "currency": "Rp",
      "price": 289000,
      "img_link": "https://images.unsplash.com/photo-1534105615256-13940a56ff44?ixlib=rb-4.0.3&ixid=MnwxMjA3fDB8MHxwaG90by1wYWdlfHx8fGVufDB8fHx8&auto=format&fit=crop&w=687&q=80"
    },
    {
      "id": "13",
      "type": "vase",
      "name": "Clear Minimalist Vase",
      "description": "Vas bunga kaca bening dengan desain elegan, cocok untuk diletakkan di ruang tamu",
      "currency": "Rp",
      "price": 249000,
      "img_link": "https://images.unsplash.com/photo-1581912492723-688317ba2162?ixlib=rb-4.0.3&ixid=MnwxMjA3fDB8MHxwaG90by1wYWdlfHx8fGVufDB8fHx8&auto=format&fit=crop&w=679&q=80"
    },
    {
      "id": "14",
      "type": "vase",
      "name": "Petal Vase",
      "description": "Vas bunga kaca putih dengan desain unik yang melambangkan ketenangan dan kehangatan, dapat diletakkan pada meja keluarga",
      "currency": "Rp",
      "price": 289000,
      "img_link": "https://images.unsplash.com/photo-1612620535624-f6695d4864bb?ixlib=rb-4.0.3&ixid=MnwxMjA3fDB8MHxwaG90by1wYWdlfHx8fGVufDB8fHx8&auto=format&fit=crop&w=688&q=80"
    },
    {
      "id": "15",
      "type": "vase",
      "name": "Hanano Vase",
      "description": "Vas bunga kaca bening dengan aksen smoke-brown dan desain tabung mengerucut yang menghasilkan efek full tetapi dengan gaya yang minimalis",
      "currency": "Rp",
      "price": 269000,
      "img_link": "https://images.unsplash.com/photo-1578500351865-d6c3706f46bc?ixlib=rb-4.0.3&ixid=MnwxMjA3fDB8MHxwaG90by1wYWdlfHx8fGVufDB8fHx8&auto=format&fit=crop&w=687&q=80"
    },
    {
      "id": "16",
      "type": "drawer",
      "name": "Single Drawer Set",
      "description": "Laci single yang memiliki 3 tingkat dengan bagian bawah adalah laci yang terbesar, mengusung desain yang minimalis sehingga laci ini cocok untuk diletakkan di ruang keluarga maupun ruang tamu",
      "currency": "Rp",
      "price": 429000,
      "img_link": "https://images.unsplash.com/photo-1591129841117-3adfd313e34f?ixlib=rb-4.0.3&ixid=MnwxMjA3fDB8MHxwaG90by1wYWdlfHx8fGVufDB8fHx8&auto=format&fit=crop&w=687&q=80"
    },
    {
      "id": "17",
      "type": "table",
      "name": "Round Simple Table",
      "description": "Meja dengan desain bulat yang minimalis, menggunakan kayu sebagai kaki-kakinya dan plastik berkualitas tinggi untuk daun mejanya menjadikan meja ini cocok untuk digunakan indoor maupun outdoor",
      "currency": "Rp",
      "price": 659000,
      "img_link": "https://images.unsplash.com/photo-1533090481720-856c6e3c1fdc?ixlib=rb-4.0.3&ixid=MnwxMjA3fDB8MHxwaG90by1wYWdlfHx8fGVufDB8fHx8&auto=format&fit=crop&w=688&q=80"
    },
    {
      "id": "18",
      "type": "decoration",
      "name": "Artificial Succulen Plant Set",
      "description": "Tumbuhan sukulen imitasi berbahan plastik dengan tingkat kemiripan 99% dengan yang asli, cocok untuk menghias meja kerja anda dan memberikan nuansa hijau untuk menyegarkan mata",
      "currency": "Rp",
      "price": 99000,
      "img_link": "https://images.unsplash.com/photo-1595351475754-8a520e0bc3a3?ixlib=rb-4.0.3&ixid=MnwxMjA3fDB8MHxwaG90by1wYWdlfHx8fGVufDB8fHx8&auto=format&fit=crop&w=686&q=80"
    },
    {
      "id": "19",
      "type": "decoration",
      "name": "Artificial Cactus Set",
      "description": "Tumbuhan kaktus imitasi berbahan plastik dengan tingkat kemiripan 99% dengan yang asli, cocok untuk menghias ruang keluarga dan memberikan nuansa kesegaran ditengah gurun",
      "currency": "Rp",
      "price": 149000,
      "img_link": "https://images.unsplash.com/photo-1603204077779-bed963ea7d0e?ixlib=rb-4.0.3&ixid=MnwxMjA3fDB8MHxwaG90by1wYWdlfHx8fGVufDB8fHx8&auto=format&fit=crop&w=687&q=80"
    },
    {
      "id": "20",
      "type": "decoration",
      "name": "Poster \"GET SHIT DONE\"",
      "description": "Poster bertuliskan \"GET SHIT DONE\" dengan desain minimalis dan frame kayu berkualitas, cocok untuk dipajang di ruangan kerja anda",
      "currency": "Rp",
      "price": 179000,
      "img_link": "https://images.unsplash.com/photo-1555212697-194d092e3b8f?ixlib=rb-4.0.3&ixid=MnwxMjA3fDB8MHxwaG90by1wYWdlfHx8fGVufDB8fHx8&auto=format&fit=crop&w=687&q=80"
    }
  ],
  "message": "Data sent successfully"
}